[
  {
    "MetricName": "People",
    "Dimensions": [
      { "Name": "Gender", "Value": "All" }
    ],
    "Timestamp": "2018-08-15T14:00:00.000+09:00",
    "Value": 20,
    "Unit": "Count"
  },
  {
    "MetricName": "People",
    "Dimensions": [
      { "Name": "Gender", "Value": "All" }
    ],
    "Timestamp": "2018-08-15T15:00:00.000+09:00",
    "Value": 24,
    "Unit": "Count"
  },
  {
    "MetricName": "People",
    "Dimensions": [
      { "Name": "Gender", "Value": "All" }
    ],
    "Timestamp": "2018-08-15T16:00:00.000+09:00",
    "Value": 30,
    "Unit": "Count"
  },
  {
    "MetricName": "People",
    "Dimensions": [
      { "Name": "Gender", "Value": "All" }
    ],
    "Timestamp": "2018-08-15T17:00:00.000+09:00",
    "Value": 23,
    "Unit": "Count"
  }
]